10471,2344,726798742783,Huel and Sons
12064,2178,954492186247,Spencer PLC
14733,1460,551310492166,Leannon-Gerhold
19385,5765,696541379555,Konopelski Ltd
21794,6025,553976095202,"Bode, Graham and Hickle"
23125,5081,241529146297,"Monahan, Ferry and Aufderhar"
31364,5598,218400419908,"Nolan, Lockman and Wuckert"
35205,1960,820301525211,Strosin PLC
42183,5932,959440020416,McKenzie-Lueilwitz
46397,1706,446494193516,Homenick-Miller
52375,4573,105565949902,"Hirthe, Cremin and Marvin"
54794,5892,498389826120,Wyman-Raynor
62072,2563,658101605794,Fadel-Kemmer
62119,8647,997604751450,"Welch, Ratke and Farrell"
64482,1881,15307874402,"Crist, McClure and Heidenreich"
64546,7100,119515008684,"Corkery, Simonis and Willms"
67467,3257,445070624656,"Cremin, Rau and Nicolas"
68103,7153,936639310906,Willms-Johnson
70955,9845,446854574985,Corwin-Homenick
71404,2984,487917599906,Langworth Inc
81240,1213,908851692655,Hansen-Yost
81826,3184,703582499606,Baumbach and Sons
83261,4729,749225760647,Kessler-Olson
85061,8648,842878383982,Sauer-White
85507,7001,162746529525,Collier LLC
87423,8948,649455625030,Bartoletti-Stark
94691,2817,411587998746,Dickens-Kris
96480,3570,746437341779,Wilkinson Group
99227,7256,827186176249,Cassin-Rolfson
99650,7771,80738998969,"Block, Mayer and Roob"
